Tahun,Bulan,Sandi Bank,Sandi Bank LPS,Kelompok BUKU,Unnamed: 5,Flag Syariah,Nama Bank,Kas IDR,Kas Valas,Kas Total,Giro IDR,Giro Valas,Giro Total,SBI IDR,SBIS IDR,SBN IDR,SBSN IDR,SDBI IDR,SB Lainnya IDR,SB Lainnya HTM IDR,Total SB IDR,SBN Valas,SSB Lainnya Valas,SBBI Valas,SSB Valas Lainnya HTM Valas,Total SB Valas,FASBI DF IDR Valas,TD IDR,TD Valas,RR SBN IDR Valas,AL Lainnya IDR Valas,Total OM,GWM IDR,GWM Valas,PLM,Penem Bank Lain IDR,Kewajiban Bank Lain IDR,NAB IDR,Penem Bank Lain Valas,Kewajiban Bank Lain Valas,NAB Valas,NAB Total,TOTAL AL dan net AB,Total AL,DPK Giro IDR,DPK Tabungan IDR,DPK Deposito IDR,DPK IDR,DPK Giro Valas,DPK Tabungan Valas,DPK Deposito Valas,DPK Valas,DPK,NCD IDR,NCD Valas,NCD,Kredit IDR,Kredit Valas,Total Kredit,Repo SB,Kewajiban Repo atau Kewajiban BI,Rasio AL Net AB NCD,Rasio AL Net AB DPK,Rasio AL NCD,Rasio AL DPK
2022,3,95,BUK024,KBMI 1,,0,PT Bank JTrust Indonesia Tbk,78687224100,73839902424,152527126524,296657245069,70199369871,366856614940,0,0,978441024360,0,0,2291501336000,0,3269942360360,28102890200,0,0,0,28102890200,2180000043999,0,0,0,0,2180000043999,465679126173.99,38689662097.26,1047427238639.76,23658094757,3216129655517,-3192471560760,627605228739,0,627605228739,-2564866332021,-410734658909,2154131673112,945090815223,2214027307200,12363519416710,15522637539133,413765345190,0,1520717759673,1934483104863,17457120643996,2184087378397.9,276201379524.3,2460288757922.2,11222246746046,1190404044719,12412650790765,0,0,-0.166945,-0.023528,0.87556,0.123395
2022,3,87,BUK032,KBMI 3,,0,PT Bank HSBC Indonesia,249098995250,197857475307,446956470557,7150981437856,1336317008047,8487298445903,0,0,20512601716175,0,0,0,0,20512601716175,64215745513,0,0,0,64215745513,1899854872197,8995824172156,0,13095205320576,5460220000000,29451104364929,1722616272699.42,514569857255.3,4988942117164.74,80914107374,6097181136479,-6016267029105,5003712714096,29581549702,4974131164394,-1042135864711,50693912631247,51736048495958,28968936379237,7738691377388,20712914666689,57420542423314,14553213435986,8325121698399,2850157728380,25728492862765,83149035286079,13083579793656.4,7148516313153.5,20232096106809.9,35790719121181,19522162338502,55312881459683,0,0,2.505618,0.609675,2.557127,0.622208
2022,3,130,BUK076,KBMI 1,,0,PT Bank Pembangunan Daerah Nusa Tenggara Timur,277593786252,0,277593786252,706503463049,0,706503463049,0,0,880154309055,0,0,0,15000000000,895154309055,0,0,0,0,0,0,1924680122812,0,1178576187054,0,3103256309866,405007469506.2,0.0,810014939012.4,215870816219,82585165767,133285650452,0,0,0,133285650452,3885771110156,3752485459704,3637211044452,3543761591605,6319276347483,13500248983540,0,0,0,0,13500248983540,2786219425565.4,0.0,2786219425565.4,11091540996462,0,11091540996462,0,0,1.394639,0.287829,1.346801,0.277956
2022,3,133,BUK011,KBMI 1,,0,PT Bank Pembangunan Daerah Bengkulu,134793895264,0,134793895264,353242837824,0,353242837824,0,0,204992550874,0,0,0,0,204992550874,0,0,0,0,0,450000000000,404824132694,0,0,0,854824132694,219267725454.15,0.0,438535450908.3,4792067,57950785528,-57945993461,0,0,0,-57945993461,832104246833,890050240294,1597466931767,1472275459133,4239181790905,7308924181805,0,0,0,0,7308924181805,1344840896360.5,0.0,1344840896360.5,6291784357619,0,6291784357619,0,0,0.618738,0.113847,0.661825,0.121775
2022,3,61,BUK008,KBMI 1,,0,PT Bank ANZ Indonesia,6015310900,2997657709,9012968609,136385370112,316137376060,452522746172,0,0,1971984045261,0,0,0,0,1971984045261,0,0,0,0,0,305589165110,2734173638895,0,400535000100,0,3440297804105,81520440520.29,78596338734.44,398829897243.9,7252326871,306528199877,-299275873006,1043627147089,111026682569,932600464520,633324591514,5948195479163,5314870887649,2578829617686,0,138518399657,2717348017343,3802023466397,0,127793470325,3929816936722,6647164954065,787500725271.5,1153386386951.6,1940887112223.1,4261253552690,2166559237571,6427812790261,0,0,3.064678,0.894846,2.738371,0.799569
2022,3,32,BUA009,KBMI 1,,0,JP. Morgan Chase Bank N.A.,2828351500,2385196524,5213548024,587841602178,316126880904,903968483082,0,0,6371640897625,0,0,0,0,6371640897625,0,0,0,0,0,1200000000000,0,4095165000000,6859557242876,0,12154722242876,163556780989.8,105850366848.92,644664662526.36,41017385942,900000000000,-858982614058,138595604580,0,138595604580,-720387009478,17801086351764,18521473361242,4370892699660,0,1081000000000,5451892699660,5178284792446,0,114233550000,5292518342446,10744411042106,1419367809898.0,1564908792733.8,2984276602631.8,996460561720,2780016477271,3776477038991,0,0,5.964958,1.656776,6.206352,1.723823
2022,3,14,BUK022,KBMI 4,,0,PT Bank Central Asia Tbk.,16102102688452,938465325510,17040568013962,68939455236749,3453123879912,72392579116661,0,0,146835464541877,0,0,28853268781091,5821000000000,181509733322968,7855227019099,2146383744000,13397311746956,12883342858461,36282265368516,3100000000000,21994063843488,18320475000000,197783564328186,0,241198103171674,27359986963547.55,1521309807219.36,59283903348753.18,2128958047364,5354239184874,-3225281137510,26111528296679,2305185733160,23806342563519,20581061426009,431135114916718,410554053490709,258493358844323,476096100012544,177410106594718,911999565451585,41996123008539,18617626751450,15451740600979,76065490360968,988065055812553,238117848316531.9,19729298988094.6,257847147304626.5,584646319582271,35205387559365,619851707141636,0,0,1.672056,0.436342,1.592238,0.415513
2022,3,950,BUK028,KBMI 1,,0,PT Bank Commonwealth,62058494400,29608599191,91667093591,808007135812,150756027595,958763163407,0,0,3080340113490,0,0,0,0,3080340113490,842566968507,447256725418,0,0,1289823693925,195000000000,649823304889,646605000000,775506568075,0,2266934872964,312424788917.76,68793860902.54,831231160543.14,239469544774,135978446085,103491098689,1451980071132,1006,1451980070126,1555471168815,7583293570410,6027822401595,579149202292,2861981734846,6973028693454,10414159630592,381376273589,2412249104935,646067666603,3439693045127,13853852675719,1729642150486.8,902694380217.5,2632336530704.3,9621240604517,29058903553,9650299508070,0,0,2.880822,0.547377,2.289913,0.4351
2022,3,125,BUK053,KBMI 1,,0,PT Bank Pembangunan Daerah Kalimantan Tengah,428594522300,0,428594522300,617052286171,0,617052286171,0,0,249654236484,0,0,0,270989107987,520643344471,0,0,0,0,0,639933502311,0,0,1374088596650,0,2014022098961,272995120752.84,0.0,545990241505.68,6278551745,3308861571,2969690174,0,0,0,2969690174,2493307471831,2490337781657,4275645032206,2054992760675,2769199565547,9099837358428,0,0,0,0,9099837358428,2176111294419.0,0.0,2176111294419.0,7593041463813,0,7593041463813,0,0,1.145762,0.273994,1.144398,0.273668
2022,3,113,BUK049,KBMI 2,,0,PT Bank Pembangunan Daerah Jawa Tengah,1097430572800,1876963543,1099307536343,3991266600644,16377307712,4007643908356,0,0,13727046001346,0,0,602857410000,1632587668677,15962491080023,26536946089,0,0,0,26536946089,2488000000000,0,0,640075222978,0,3128075222978,1842961809539.85,144896894.64,3686358309763.62,190826919309,5998009844547,-5807182925238,114631426167,0,114631426167,-5692551499071,10766593099842,16459144598913,16641492698462,22591208626610,22199358992923,61432060317995,3388191907,0,3856652825,7244844732,61439305162727,13989746296813.9,1402122854.6,13991148419668.5,52598320473751,0,52598320473751,0,0,0.769528,0.175239,1.176396,0.267892
2022,3,121,BUK058,KBMI 1,,0,PT Bank Pembangunan Daerah Lampung,200394040201,0,200394040201,888193284025,0,888193284025,0,0,227452781245,0,0,0,0,227452781245,0,0,0,0,0,673000000000,1099593217060,0,1653942260007,0,3426535477067,303037648323.42,0.0,606075296646.84,403650684821,79676930707,323973754114,0,0,0,323973754114,4157436391682,3833462637568,3002661231431,1399584304176,5699009408507,10101254944114,0,0,0,0,10101254944114,1890574601532.8,0.0,1890574601532.8,5937771027051,0,5937771027051,0,0,2.199033,0.411576,2.02767,0.379503
2022,3,405,BUS008,KBMI 1,,1,PT Bank Victoria Syariah,1591978700,0,1591978700,50900327221,0,50900327221,0,0,0,585501229268,0,75045340311,0,660546569579,0,0,0,0,0,0,0,0,0,0,0,31497795504.03,0.0,47246693256.045,25206493848,12919628873,12286864975,0,0,0,12286864975,646581251715,634294386740,20015104714,7111476975,1022799935112,1049926516801,0,0,0,0,1049926516801,110417968017.9,0.0,110417968017.9,690350442866,0,690350442866,0,0,5.855761,0.615834,5.744485,0.604132
2022,3,69,BUA003,KBMI 1,,0,Bank of China (Hong Kong) Limited,33415149500,126982088803,160397238303,1497501592140,1149067295603,2646568887743,0,0,6524512162026,0,0,0,0,6524512162026,7334495809068,0,0,0,7334495809068,324000000000,4166848702850,25433130000000,0,0,29923978702850,409060577635.5,714403866535.02,2961332754876.06,7538027027,31730772108,-24192745081,1669352976666,1554848396079,114504580587,90311835506,42595467436449,42505155600943,10613715398705,402717833659,2618919355486,13635352587850,33684876426408,905860891237,1129456009106,35720193326751,49355545914601,3566821905257.8,10490166796204.1,14056988701461.9,6378379545111,10066522720239,16444902265350,0,0,3.030198,0.863033,3.023773,0.861203
2022,3,553,BUK065,KBMI 1,,0,PT Bank Mayora,56661543650,3152384757,59813928407,681898991814,44135254261,726034246075,0,0,530106496953,0,0,0,313608294740,843714791693,36363608471,0,57364380889,28730909330,122458898690,543000000000,299913086650,704102216260,2154049108491,0,3701064411401,193695715835.85,20095043288.86,447676561538.28,49664451336,120246042444,-70581591108,69373346744,0,69373346744,-1208244364,4448071507169,4449279751533,1946149394755,691802814880,3818571651560,6456523861195,398929880409,31759612610,574062671424,1004752164443,7461276025638,1173242828046.5,186613115048.1,1359855943094.6,3300418702119,64790808495,3365209510614,0,0,3.270987,0.596154,3.271875,0.596316
2022,3,48,BUK070,KBMI 2,,0,PT Bank Mizuho Indonesia,0,0,0,2642669652478,962723000000,3605392652478,0,0,1920082364008,0,0,0,0,1920082364008,0,0,0,0,0,500000000000,6198248109349,718450000000,0,0,7416698109349,544033510833.21,238488215603.94,1803531668478.24,554825977186,6621914123,548204063063,3032698343099,231340395217,2801357947882,3349562010945,13705681741865,10356119730920,7548279495697,885005651737,9701165213673,18134450361107,0,8741550567315,3182860212882,11924410780197,30058861141304,3500102065597.5,2940751191482.7,6440853257080.2,14604163450081,23290733043444,37894896493525,0,0,2.127929,0.455961,1.60788,0.344528
2022,3,11,BUK029,KBMI 3,,0,PT Bank Danamon Indonesia Tbk.,1701255240191,259704309144,1960959549335,5155643463785,848992189555,6004635653340,0,0,18482809357470,0,0,3322353379500,0,21805162736970,3989232122138,166617032710,0,0,4155849154848,1790000000000,0,862140000000,16487328550493,0,19139468550493,3091662320352.12,401465361745.64,7387720725941.16,124192988880,2950083614418,-2825890625538,1401500541920,39951879677,1361548662243,-1464341963295,37241918510142,38706260473437,19197812692441,40932136216224,42925461769739,103055410678404,8381917666689,6006776263783,5684574156810,20073268087282,123128678765686,22331530849573.4,4885065594822.6,27216596444396.0,97978757379770,10913735239341,108892492619111,100271000000,90267351300,1.368353,0.302463,1.422156,0.314356
2022,3,517,BUS006,KBMI 1,,1,PT Bank Panin Dubai Syariah Tbk,17637900150,0,17637900150,391117319522,114664620,391231984142,0,0,0,2542102664415,0,2216829000000,15907634034,4774839298449,0,0,0,0,0,107000000000,0,0,0,0,107000000000,259786527191.79,10931906.46,389728984366.755,3868591258,2916863784,951727474,4350264754,0,4350264754,5301992228,4646484731504,4641182739276,180549346673,1023145296940,7455856262780,8659550906393,1093190646,0,0,1093190646,8660644097039,1106694019361.9,327957193.8,1107021976555.7,8583681931002,0,8583681931002,0,0,4.197283,0.536505,4.192493,0.535893
2022,3,33,BUA002,KBMI 1,,0,"Bank Of America, N.A",1650333100,2507879046,4158212146,500848439907,287371697879,788220137786,0,0,4122796573909,0,0,0,0,4122796573909,0,0,0,0,0,3169757865719,0,704081000000,0,248591134,3874087456853,103185562666.14,13554883734.12,247035776534.64,964598690753,1236118661073,-271519970320,0,0,0,-271519970320,8153966187439,8425486157759,2690318755538,0,749200000000,3439518755538,677744186706,0,0,677744186706,4117262942244,882015626661.4,203323256011.8,1085338882673.2,548320935380,1832623994339,2380944929719,0,0,7.512829,1.980433,7.763,2.04638
2022,3,42,BUA004,KBMI 2,,0,"MUFG Bank, Ltd.",2932790200,4982330222,7915120422,1349443950075,30174900000000,31524343950075,0,0,7585594170075,0,0,0,0,7585594170075,4333331956100,0,0,0,4333331956100,9500000000000,0,8980625000000,2573004508968,0,21053629508968,656695779448.5,535339508306.92,2919410083817.76,91435992884,634277303084,-542841310200,22086140351177,0,22086140351177,21543299040977,81936668375043,60393369334066,15642837954069,0,6247021360881,21889859314950,20446595823775,0,6320379591571,26766975415346,48656834730296,5317553522308.8,6766016706289.6,12083570228598.4,28459837191309,41817166195787,70277003387096,0,0,6.780832,1.68397,4.997973,1.24121
2022,3,523,BUK030,KBMI 1,,0,PT Bank Sahabat Sampoerna,21217996904,0,21217996904,492944503981,0,492944503981,0,0,1440632991416,0,0,0,95112559042,1535745550458,0,0,0,0,0,0,727794852513,0,281827182631,0,1009622035144,272121073989.93,0.0,544242147979.86,547277685980,330715441506,216562244474,0,0,0,216562244474,2364616549949,2148054305475,919285817711,1154715811661,6996700836959,9070702466331,0,0,0,0,9070702466331,1321870572507.5,0.0,1321870572507.5,8536700745316,0,8536700745316,0,0,1.788841,0.260687,1.625011,0.236812
2022,3,16,BUK045,KBMI 3,,0,PT Bank Maybank Indonesia Tbk,1156341789925,153575916916,1309917706841,4611978583332,1225141029510,5837119612842,0,0,13990008374412,0,0,14510418037267,745000000000,29245426411679,1769951356534,537666089128,0,0,2307617445662,0,1399555111112,2600789000000,6481950491236,0,10482294602348,2411524670920.26,519096118335.26,6380337696846.3,11759175012,5061126633502,-5049367458490,3083729390614,572605290381,2511124100233,-2538243358257,21264504944955,23802748303212,18525284068644,18551358136478,43307513492220,80384155697342,9049517304796,4183304539864,12721984072103,25954805916763,106338961614105,15453744010758.6,5242044960608.3,20695788971366.9,75229824853068,13963501963309,89193326816377,0,275584863664,1.027479,0.199969,1.150125,0.223838
2022,3,521,BUS003,KBMI 1,,1,PT Bank KB Bukopin Syariah,25559651600,0,25559651600,229018520949,0,229018520949,0,0,0,85032338083,0,550570000000,0,635602338083,0,0,0,0,0,658000000000,0,0,0,0,658000000000,149657834035.86,0.0,224486751053.79,22636685289,137497271048,-114860585759,0,0,0,-114860585759,1059175339783,1174035925542,239880314420,437270772103,4311443381339,4988594467862,0,0,0,0,4988594467862,634289664090.8,0.0,634289664090.8,4696947574300,0,4696947574300,0,0,1.66986,0.212319,1.850946,0.235344
2022,3,115,BUK047,KBMI 1,,0,PT Bank Pembangunan Daerah Jambi,180699870950,0,180699870950,679755336638,0,679755336638,0,0,1551300994949,0,0,975747490841,167074562785,2694123048575,0,0,0,0,0,0,0,0,0,10000000000,10000000000,314615784546.21,0.0,629231569092.42,21293865900,129180140945,-107886275045,0,0,0,-107886275045,1370022573854,1477908848899,4509641434823,1642741213726,4334810169658,10487192818207,0,0,0,0,10487192818207,2279195811530.5,0.0,2279195811530.5,8985110798631,0,8985110798631,0,0,0.601099,0.130637,0.648434,0.140925
2022,3,472,BUK048,KBMI 1,,0,PT Bank Jasa Jakarta,16764215350,700747972,17464963322,553299071268,0,553299071268,0,0,869634450000,0,0,0,0,869634450000,0,0,0,0,0,5800000000,239931166281,0,3049458749130,0,3295189915411,154590382349.55,0.0,309180764699.1,11088885527,6079541266,5009344261,0,0,0,5009344261,4276826597213,4271817252952,384138148789,344156167495,4424718428701,5153012744985,0,0,0,0,5153012744985,660960137755.3,0.0,660960137755.3,2403745528902,0,2403745528902,0,0,6.470627,0.829966,6.463048,0.828994
2022,3,426,BUK066,KBMI 3,,0,PT Bank Mega Tbk.,691170271149,262963431845,954133702994,5673421235577,704081000000,6377502235577,0,0,19430306334960,0,0,721226330993,0,20151532665953,142036620813,0,0,0,142036620813,450000000000,1999516900164,0,9656991261555,0,12106508161719,2217346040455.2,299308166071.1,5332616579123.7,28456966800,1450198353365,-1421741386565,843992900893,3211464499280,-2367471598387,-3789212984952,27412108929551,31201321914503,5917104277750,12669215389269,55325215014821,73911534681840,7220775303576,1794447928924,5950185071055,14965408303555,88876942985395,11108417401587.8,3299585476855.5,14408002878443.3,43686830137084,18836423886116,62523254023200,1349170000000,1309064355910,1.902561,0.308427,2.165554,0.351062
2022,3,9,BUK074,KBMI 4,,0,PT Bank Negara Indonesia (Persero) Tbk.,10672662828177,742594987167,11415257815344,34085352888541,5891290029313,39976642917854,0,0,72244224208007,0,0,14903059761515,248766058298,87396050027820,26348029862077,2982393882284,200089187140,0,29530512931501,29055880318620,14993785926503,10273835000000,21296824810630,681181766,75621007237519,17338733796892.59,2307481603849.36,41599912405333.26,275718291126,1523004153473,-1247285862347,24172827831221,12890071898688,11282755932533,10035470070186,174716101907926,164680631837740,177547468349287,208528204672055,191882120208411,577957793229753,81420461019694,12876007070742,21077612102032,115374080192468,693331873422221,135010913927243.7,30396701637334.0,165407615564577.7,473714362423685,117131333909075,590845696332760,2253880429540,2132372013666,1.056276,0.251994,0.995604,0.23752
2022,3,36,BUK106,KBMI 1,,0,PT Bank China Construction Bank Indonesia Tbk.,192015303225,37082269643,229097572868,1217125842734,351990140965,1569115983699,0,0,1035179603570,0,0,0,0,1035179603570,0,0,0,0,0,235000000000,244930755689,1250329715520,7587370934647,0,9317631405856,439786844865.24,101183310003.98,1183123619742.42,123029940957,80433675859,42596265098,433893575787,0,433893575787,476489840885,10903420632267,10426930791382,1931578536733,1063524936685,11664458022090,14659561495508,1079748611075,60686525814,3918730363310,5059165500199,19718726995707,2064976844234.4,734003577397.7,2798980421632.1,9290474032455,3594940585887,12885414618342,0,0,3.895497,0.552947,3.72526,0.528783
2022,3,531,BUK006,KBMI 1,,0,PT Bank Amar Indonesia Tbk,4212366900,0,4212366900,141481323522,0,141481323522,0,0,358671898486,0,0,462091381274,0,820763279760,0,0,0,0,0,177400000000,99967793344,0,60786926688,0,338154720032,57792852997.98,0.0,115585705995.96,1065693768202,798797729362,266896038840,0,0,0,266896038840,936037788786,669141749946,16659765904,123913361839,1785855305523,1926428433266,0,0,0,0,1926428433266,220757468875.2,0.0,220757468875.2,2351061446257,0,2351061446257,0,0,4.240118,0.485892,3.031117,0.347348
2022,3,498,BUK044,KBMI 1,,0,PT Bank SBI Indonesia,10186018500,1940921413,12126939913,78378836264,57476000000,135854836264,0,0,920191011760,0,0,547480194206,71000000000,1538671205966,0,0,0,0,0,474821367176,0,0,791672224845,0,1266493592021,43194612137.82,19343833654.0,144420725237.64,13995391047,2534378,13992856669,94960381627,905282092547,-810321710920,-796328854251,1331378354677,2127707208928,136197459187,118667762807,1184955182600,1439820404594,199340173558,0,767851509142,967191682700,2407012087294,194955084858.2,136587202981.6,331542287839.8,527310837473,1962673482810,2489984320283,0,0,4.015712,0.553124,6.417604,0.883961
2022,3,501,BUK089,KBMI 1,,0,PT Bank Digital BCA,22992700,0,22992700,179183921055,0,179183921055,0,0,777257082589,0,0,74546728000,657000000000,1508803810589,0,0,0,0,0,59800000000,599832018797,0,3248770345569,0,3908402364366,83612144444.25,0.0,167224288888.5,28007620751,0,28007620751,0,0,0,28007620751,4642037548128,4614029927377,0,875143206434,1911928275041,2787071481475,0,0,0,0,2787071481475,453735789434.3,0.0,453735789434.3,1076060853626,0,1076060853626,0,0,10.230706,1.66556,10.168979,1.655511
2022,3,564,BUK091,KBMI 1,,0,PT Bank Mandiri Taspen,104867347200,0,104867347200,1454420291047,0,1454420291047,0,0,7514040171482,0,0,0,5859159526,7519899331008,0,0,0,0,0,655000000000,0,0,3754036696412,0,4409036696412,1034036436179.01,0.0,2068072872358.02,40754776741,15062243302,25692533439,0,0,0,25692533439,10405947731043,10380255197604,497976600912,6590237162259,27379667442796,34467881205967,0,0,0,0,34467881205967,4864430873230.9,0.0,4864430873230.9,32460679205925,0,32460679205925,0,0,2.139191,0.301902,2.133909,0.301157
2022,3,547,BUS012,KBMI 2,,1,PT Bank BTPN Syariah Tbk.,882833832790,0,882833832790,345389203153,0,345389203153,0,0,0,3262805398399,0,205104098984,3285902780835,6753812278218,0,0,0,0,0,311000000000,0,0,0,0,311000000000,331891805437.14,0.0,497837708155.71,7118160474,0,7118160474,0,0,0,7118160474,7470423961042,7463305800568,26342454895,2831351670009,8205366056334,11063060181238,0,0,0,0,11063060181238,1677844843104.6,0.0,1677844843104.6,10646771094362,0,10646771094362,0,0,4.452392,0.675258,4.44815,0.674614
2022,3,542,BUK010,KBMI 2,,0,PT Bank Jago Tbk,8855650900,0,8855650900,329285040388,0,329285040388,0,0,2160002398363,0,0,0,0,2160002398363,0,0,0,0,0,426000000000,849759774570,0,1864849862753,0,3140609637323,126434379058.05,0.0,252868758116.1,95682621449,79784826,95602836623,0,0,0,95602836623,5355052426423,5259449589800,334701580977,1957605137218,1922172583740,4214479301935,0,0,0,0,4214479301935,879909273832.5,0.0,879909273832.5,6144615939406,0,6144615939406,0,0,6.085914,1.270632,5.977263,1.247947
2022,3,152,BUK068,KBMI 1,,0,PT Bank Shinhan Indonesia,43717921800,16236365651,59954287451,377579987078,158059000000,535638987078,0,0,1533108648589,0,0,8103760000,359329650442,1900542059031,0,0,0,0,0,0,624829768295,0,752715745272,0,1377545513567,212999228270.94,46552756089.8,565656724811.28,174674765903,108646699066,66028066837,501153448032,502915000000,-1761551968,64266514869,2745305242382,2681038727513,1238413874569,562678679171,5298881721958,7099974275698,743726093160,1174641239932,409270471398,2327637804490,9427612080188,1070215938317.8,616437247067.4,1686653185385.2,6623794224284,7236766176352,13860560400636,0,0,1.627664,0.291198,1.589561,0.284381
2022,3,146,BUK100,KBMI 1,,0,PT Bank Of India Indonesia Tbk.,9747783150,2623678817,12371461967,183000000000,23708850000,206708850000,0,0,694303295659,0,0,22000000000,0,716303295659,0,0,0,0,0,89439100946,0,0,267216830274,0,356655931220,53163377034.15,8314360107.16,131269834389.78,1006593408051,58221869,1006535186182,2294829867,100583000000,-98288170133,908247016049,1985538983364,1077291967315,178969830822,118839230340,1474303506643,1772112567805,155223903620,0,260494101738,415718005358,2187830573163,236773069012.9,72616581259.8,309389650272.7,1421703138821,516392900430,1938096039251,0,0,6.417599,0.907537,3.48199,0.492401
2022,3,40,BUA001,KBMI 1,,0,Bangkok Bank Public Company Limited,35000000,0,35000000,2318429433616,14369000000,2332798433616,0,0,276605566243,0,0,0,0,276605566243,0,0,0,0,0,0,0,0,0,0,0,9613281.75,6856171.22,39795077.16,100000000,0,100000000,7850430443,0,7850430443,7950430443,2617333165772,2609382735329,320442725,0,0,320442725,342808561,0,0,342808561,663251286,96132817.5,102842568.3,198975385.8,526390445922,1648799566701,2175190012623,0,0,13154.054986,3946.216495,13114.098132,3934.229439
2022,3,54,BUK021,KBMI 1,,0,"PT Bank Capital Indonesia, Tbk.",132478146550,42506902409,174985048959,3171290979802,224223738738,3395514718540,0,0,2605720392816,0,0,1450687225596,0,4056407618412,0,203047189480,0,0,203047189480,1420000000000,1249677933444,215546764619,148026990020,0,3033251688083,571349716852.29,21253208195.48,1206459058291.02,430912185856,6598159101,424314026755,306280741638,0,306280741638,730594768393,8141004633453,7410409865060,2450495380413,5989951071653,10604544109677,19044990561743,321240983916,0,741419425858,1062660409774,20107650971517,3592588346587.5,170514237760.6,3763102584348.1,1576713996655,190328290954,1767042287609,0,0,2.163375,0.40487,1.969228,0.368536
2022,3,137,BUK033,KBMI 1,,0,"PT Bank Pembangunan Daerah Banten, Tbk",67563246500,0,67563246500,293448727917,0,293448727917,0,0,616986127644,0,0,0,500948172252,1117934299896,0,0,0,0,0,477000000000,199889642265,0,629088474696,0,1305978116961,159021081877.86,0.0,318042163755.72,589926275092,1395310163584,-805383888492,0,0,0,-805383888492,1001529084896,1806912973388,1192973700760,520309774234,3587419254268,5300702729262,0,0,0,0,5300702729262,872726967925.0,0.0,872726967925.0,3537118930190,0,3537118930190,0,0,1.147585,0.188942,2.070421,0.340881
2022,3,122,BUK052,KBMI 1,,0,PT Bank Pembangunan Daerah Kalimantan Selatan,489667398100,6704029,489674102129,1019085115216,0,1019085115216,0,0,804967422669,0,0,503168080866,95467512630,1403603016165,0,0,0,0,0,462700000000,1224663596099,0,1138150300015,0,2825513896114,435396994889.4,0.0,870793989778.8,350672383174,130647035429,220025347745,0,0,0,220025347745,4053074899205,3833049551460,4952942024475,3827123157077,5733167981428,14513233162980,0,0,0,0,14513233162980,3207336352608.4,0.0,3207336352608.4,11470608482777,0,11470608482777,0,0,1.263688,0.279267,1.195088,0.264107
2022,3,129,BUK014,KBMI 1,,0,PT Bank Pembangunan Daerah Bali,347201910750,1669376051,348871286801,1105232933237,740003500,1105972936737,0,0,1631643928948,0,0,0,188000000000,1819643928948,0,0,0,0,0,71000000000,149952352260,0,4895449766977,0,5116402119237,713405286926.94,57387978.42,1426982737789.14,571335592551,842453266987,-271117674436,27897796003,0,27897796003,-243219878433,5847651610430,6090871488863,4225978033851,9245005173661,10309193023386,23780176230898,73228591,1122181830,1673988500,2869398921,23783045629819,5072214264592.2,526021976.3,5072740286568.5,19797815240891,0,19797815240891,644884947170,616458317336,1.152759,0.245874,1.200706,0.256101
2022,3,200,BUK016,KBMI 3,,0,PT Bank Tabungan Negara (Persero) Tbk.,1482652491459,7149926226,1489802417685,12214514663794,145975870093,12360490533887,0,0,43444441981397,0,0,985047548073,4292984184275,48722473713745,5428523797466,321222481960,0,0,5749746279426,8326000000000,0,2873826342975,0,0,11199826342975,8540564723601.75,117068532166.04,17432335043701.62,659806979612,61906886487,597900093125,1361583160773,0,1361583160773,1959483253898,49837031013829,47877547759931,77424735675045,45368920826547,161891834285133,284685490786725,5330569584495,145355625172,377501398635,5853426608302,290538917395027,53027280378990.9,1680527702763.6,54707808081754.5,277129266111961,7566589384,277136832701345,636756927501,592325941510,0.910967,0.171533,0.87515,0.164788
2022,3,114,BUK050,KBMI 2,,0,"PT Bank Pembangunan Daerah Jawa Timur, Tbk.",1749409121550,39731091551,1789140213101,9310787766498,8621400000,9319409166498,0,0,23936305487647,0,0,0,3094962788308,27031268275955,0,0,0,0,0,724000000000,3798884245936,0,16362739883965,0,20885624129901,2737352689370.94,2213193989.52,5481344960710.44,2941683885374,1024440468309,1917243417065,54797380595,0,54797380595,1972040797660,49681608950736,47709568153076,27525974272476,22709277728059,41009837645163,91245089645698,6486682126,37944171026,66228846324,110659699476,91355749345174,19171559364676.8,19952140578.0,19191511505254.8,42306747224424,0,42306747224424,0,0,2.588728,0.543825,2.485972,0.522239
2022,3,118,BUK072,KBMI 1,,0,PT Bank Nagari,477033880969,302363965,477336244934,1231600787331,933985000,1232534772331,0,0,2160565479462,0,0,0,13676000000,2174241479462,0,0,0,0,0,1864649258753,0,0,811656389656,0,2676305648409,717182499752.34,158721876.44,1434841165134.0,952863379934,187750436358,765112943576,10434090158,0,10434090158,775547033734,5170106792108,4394559758374,5016070316103,6701732353636,12188280655339,23906083325078,36363197,2580614205,5319116420,7936093822,23914019418900,4734168866455.6,1317004862.6,4735485871318.2,21297205859044,0,21297205859044,0,0,1.091779,0.216195,0.928006,0.183764
2022,3,503,BUK073,KBMI 1,,0,PT Bank Nationalnobu Tbk,90611551050,6650084247,97261635297,1090164675626,55337129662,1145501805288,0,0,980971802370,0,0,0,40000000000,1020971802370,0,0,0,0,0,1815800000000,0,287380000000,3902003072994,0,6005183072994,434868748901.91,24440760979.5,943059780742.32,317684827787,881620621431,-563935793644,616683436279,344856000000,271827436279,-292108357365,5250316399052,5542424756417,4950906389175,1307193151748,8237525422474,14495624963397,829653568718,61747318456,330637161801,1222038048975,15717663012372,2701182404524.3,300483982332.3,3001666386856.6,10287871771734,0,10287871771734,197811000000,1481935268908,1.749133,0.334039,1.846449,0.352623
2022,3,947,BUS011,KBMI 1,,1,PT Bank Aladin Syariah Tbk,224350300,0,224350300,190750996370,718450000,191469446370,0,0,0,358568248762,0,301508132261,158393000000,818469381023,0,0,0,0,0,171600000000,0,0,0,0,171600000000,6849545572.71,0.0,10274318359.065,832002258,0,832002258,1978556554,0,1978556554,2810558812,1167449872573,1164639313761,0,51918185757,176400000000,228318185757,0,0,0,0,228318185757,33215455727.1,0.0,33215455727.1,0,0,0,0,0,35.14779,5.113258,35.063174,5.100948
2022,3,13,BUK082,KBMI 3,,0,PT Bank Permata Tbk,1462555458505,213776320089,1676331778594,10972483665066,2064207349228,13036691014294,0,0,36131526647416,0,0,233985243460,6671148713303,43036660604179,3206228194567,0,0,0,3206228194567,2370849449000,5447423028867,17745715000000,11499491528072,0,37063479005939,4344670284715.5,780575787995.98,11031067933418.94,1188989276928,2991892716725,-1802903439797,6060651193070,27089386581,6033561806489,4230658366692,79188601001371,74957942634679,39633868681336,33087992014951,72100482127563,144822342823850,25284063541631,5716752198022,8027973660146,39028789399799,183851132223649,29026606421642.4,10103042087910.5,39129648509552.9,106286302091765,23198784779980,129485086871745,0,0,2.023749,0.430721,1.91563,0.407709
2022,3,23,BUK103,KBMI 3,,0,PT Bank UOB Indonesia,477024424650,204853937845,681878362495,3795085148499,1397901291369,5192986439868,0,0,10362059795837,0,0,191165447000,0,10553225242837,1618665736462,0,0,0,1618665736462,99992361695,1049522857540,2112243000000,13307964277552,0,16569722496787,2101440832176.9,683666167359.42,6253880166432.06,251589207071,214910317295,36678889776,2337994897916,27680248248,2310314649668,2346993539444,27031624556141,24684631016697,21528478348378,9399417445885,39120131944967,70048027739230,494147642240,27159007708859,6530153016872,34183308367971,104231336107201,13190381932775.6,8948961907016.9,22139343839792.5,60065930674457,21884750220790,81950680895247,0,701694648784,1.220976,0.259342,1.114966,0.236825
2022,3,490,BUK108,KBMI 1,,0,PT Bank Neo Commerce Tbk,35132131600,0,35132131600,953215353055,0,953215353055,0,0,3645180627000,0,0,0,565553012000,4210733639000,0,0,0,0,0,615696646784,124959962428,0,0,0,740656609212,279642833250.78,0.0,559285666501.56,152758028587,81344107984,71413920603,0,0,0,71413920603,4380671731717,4309257811114,612227291805,1458818342014,7250382141207,9321427775026,0,0,0,0,9321427775026,1346351904266.4,0.0,1346351904266.4,4805212157950,0,4805212157950,0,225998410000,3.253734,0.469957,3.200692,0.462295
2022,3,31,BUA006,KBMI 2,,0,Citibank N.A.,159229558010,144509041163,303738599173,2504394080674,1321948009627,3826342090301,0,0,15053059617497,0,0,0,0,15053059617497,3434768651763,1436552539476,0,0,4871321191239,1522000000000,4198776042345,6897183223457,4761572171162,0,17379531436964,1290168190993.08,482064431352.76,4026529676044.44,180840449869,1096983066615,-916142616746,2544638285761,444023460930,2100614824831,1184472208085,35383150305393,34198678097308,29006230996525,3316122250715,10683253119196,43005606366436,18270959520918,4767750989291,1064511057429,24103221567638,67108827934074,10765031286091.6,7018064258805.6,17783095544897.2,31955178006723,10183864947999,42139042954722,0,0,1.989707,0.52725,1.9231,0.5096
2022,3,22,BUK027,KBMI 3,,0,PT Bank CIMB Niaga Tbk.,3373080608766,693541718082,4066622326848,7526424708641,1810676558720,9337101267361,0,0,57412225422812,0,0,8414742959200,1756998852491,67583967234503,5755623707966,133164608067,671311016068,0,6560099332101,8000611111112,0,10992285000000,3769607361526,0,22762503472638,5804541438023.79,881322712104.32,14253051012360.54,763346592772,2101295246558,-1337948653786,3346714532786,938422442673,2408292090113,1070343436327,80165934087531,79095590651204,59189365356723,64525767800692,69769581443378,193484714600793,17042624155437,10333896494369,16689614955410,44066135605216,237550850206009,44091498091562.3,9881917690482.8,53973415782045.1,158354044414974,19904193315882,178258237730856,293913000000,264794400000,1.485285,0.337468,1.465454,0.332962
2022,3,161,BUK036,KBMI 1,,0,PT Bank Ganesha,54905909725,487809335,55393719060,194471419435,133004796480,327476215915,0,0,334208297396,0,0,509000000000,0,843208297396,175977372904,0,0,0,175977372904,275000000000,299927535023,0,993950228478,0,1568877763501,84885443676.45,75236630427.24,395480778634.62,1087489009,2097054501,-1009565492,3319980273199,0,3319980273199,3318970707707,5225301223745,1906330516038,455019726400,486256600819,1888238461996,2829514789215,3649920547783,0,111910973579,3761831521362,6591346310577,471206744365.3,1106167261692.8,1577374006058.1,2329631174657,132900493202,2462531667859,0,0,3.312658,0.792751,1.208546,0.289217
2022,3,164,BUK040,KBMI 1,,0,PT Bank ICBC Indonesia,30221385900,44118861490,74340247390,3612520134851,979040089676,4591560224527,0,0,4742780177286,0,0,0,125000000000,4867780177286,825860989736,0,0,741440600687,1567301590423,6000000000000,0,2586420000000,17196531375760,0,25782951375760,1077941532166.83,332870632590.14,3154494962104.08,310292468627,1569615985510,-1259323516883,2749072682515,776419229496,1972653453019,713329936136,32165515823974,31452185887838,5757383274845,2098646122821,28075355007895,35931384405561,6464545714757,395801134175,9783184780575,16643531629507,52574916035068,5164344320089.3,3036422532737.1,8200766852826.4,10404528421216,17045333182376,27449861603592,0,0,3.922257,0.611803,3.835273,0.598235
2022,3,451,BUS004,KBMI 3,,1,PT Bank Syariah Mandiri,3409043587973,117906401447,3526949989420,12920162060612,89375180000,13009537240612,0,0,0,44907639098361,0,194971140731,23540081000000,68642691239092,0,0,0,43107000000,43107000000,4650000000000,0,1551852000000,0,0,6201852000000,6914380980309.24,80538059076.36,10733992736307.48,215191585880,1020001688355,-804810102475,1125250129416,0,1125250129416,320440026941,73972558720373,73652118693432,35166454833445,99131781691280,96181129485583,230479366010308,1244127325982,1602541527850,5207137053804,8053805907636,238533171917944,49907583905975.8,1374714361530.0,51282298267505.8,172047106873551,4926963783133,176974070656684,0,0,1.442457,0.310114,1.436209,0.30877
2022,3,157,BUK062,KBMI 1,,0,PT Bank Maspion Indonesia Tbk,89619183325,662410900,90281594225,535244404307,10058300000,545302704307,0,0,2430830256254,0,0,0,0,2430830256254,0,0,0,0,0,431000000000,849767384738,0,652474496790,0,1933241881528,354094898779.98,5112582980.66,723527546501.94,24610887848,503270548172,-478659660324,209221904500,243022897000,-33800992500,-512460652824,3404460755227,3916921408051,974179982963,1309260252311,9519723057392,11803163292666,132454561202,0,123174587831,255629149033,12058792441699,1637004376321.4,52053827143.7,1689058203465.1,7766959367559,279443672739,8046403040298,0,0,2.015597,0.282321,2.318997,0.324818
2022,3,494,BUK003,KBMI 1,,0,PT Bank Raya Indonesia Tbk.,17481188683,202674745,17683863428,580437283579,36425654531,616862938110,0,0,2563306171648,0,0,10609000000,666396059887,3240311231535,0,0,0,0,0,120000000000,0,0,0,0,120000000000,284537405123.61,13328346047.26,609059848389.0,22156845776,2004605657,20152240119,376961470272,71845000000,305116470272,325268710391,2736196084017,2410927373626,1254961537719,3325792029918,4903826603150,9484580170787,7334047806,0,659083254557,666417302363,10150997473150,1864608730606.1,68108539797.5,1932717270403.6,8974108617545,553006221009,9527114838554,0,0,1.415724,0.269549,1.247428,0.237506
2022,3,535,BUK057,KBMI 1,,0,PT Bank Seabank Indonesia,4299748400,0,4299748400,549571156312,0,549571156312,0,0,3006954913994,0,0,1351055260000,0,4358010173994,0,0,0,0,0,200000000000,0,0,59234582236,0,259234582236,363237189938.31,0.0,726474379876.62,255062126408,0,255062126408,0,0,0,255062126408,2985410957535,2730348831127,1264432258755,9656761695208,1186712377314,12107906331277,0,0,0,0,12107906331277,3395029423920.3,0.0,3395029423920.3,9377192492664,0,9377192492664,0,0,0.879347,0.246567,0.804219,0.225501
2022,3,536,BUS007,KBMI 1,,1,PT Bank BCA Syariah,24279430100,0,24279430100,297138144382,0,297138144382,0,0,0,895391340440,0,2151996107562,50000000000,3097387448002,0,0,0,0,0,657500000000,0,0,0,0,657500000000,233235590494.02,0.0,349853385741.03,7226665378,7383641015,-156975637,0,0,0,-156975637,3493059070612,3493216046249,1321663703074,1472199733397,4980656246663,7774519683134,0,0,0,0,7774519683134,1336224655607.6,0.0,1336224655607.6,6645795249965,0,6645795249965,0,0,2.614125,0.449295,2.614243,0.449315
2022,3,28,BUK079,KBMI 3,,0,PT Bank OCBC NISP Tbk.,724773172965,373909255720,1098682428685,6408082505483,2269065723570,8677148229053,0,0,28721536210749,0,0,4916147111932,0,33637683322681,6843228974213,4169596629788,7598762282681,0,18611587886682,99992361695,0,2514575000000,14165601590334,0,16780168952029,3827589920354.01,946861090678.02,10495763112742.08,931433761700,243888990749,687544770951,661935761488,3999126407248,-3337190645760,-2649645874809,51799667078827,54449312953636,33531412030662,22518844911482,71536073736323,127586330678467,21052090730158,12269694049050,14021269754693,47343054533901,174929385212368,23968684456275.5,11398662409231.7,35367346865507.2,93060022822237,29935290690444,122995313512681,0,0,1.464618,0.296117,1.539536,0.311264
2022,3,47,BUK087,KBMI 1,,0,PT Bank Resona Perdania,11206735700,5962174614,17168910314,363879019114,287380000000,651259019114,0,0,480334048994,0,0,0,0,480334048994,0,0,0,0,0,813000000000,0,1336317000000,73182828140,0,2222499828140,187004936989.71,103318238622.76,683964589847.7,781450856,82767003125,-81985552269,1134458269744,0,1134458269744,1052472717475,3449446758576,2396974041101,1869483702132,1940600367,4362073597158,6233497899657,3217906616282,0,1948005314856,5165911931138,11399409830795,997634650465.5,1160172516370.2,2157807166835.7,6918993150267,3611143508502,10530136658769,0,0,1.598588,0.302598,1.110837,0.210271
2022,3,949,BUK025,KBMI 1,,0,PT Bank CTBC Indonesia,34410731700,15580831411,49991563111,455766746249,267981850000,723748596249,0,0,2812105343075,0,0,0,0,2812105343075,0,0,0,0,0,124000000000,0,0,803109092968,0,927109092968,248146058487.39,99668554738.08,795297781189.02,176153827450,499449496062,-323295668612,211312993182,791501488200,-580188495018,-903484163630,2466358037359,3369842200989,2918282941131,581159052051,4772093289731,8271535282913,2713411885817,148082045065,2121933806022,4983427736904,13254963019817,1527041926927.7,1070641559866.8,2597683486794.5,7893988092415,5223966505006,13117954597421,0,0,0.949445,0.18607,1.297248,0.254232
2022,3,111,BUK031,KBMI 2,,0,PT Bank DKI,1144541093700,1815645194,1146356738894,4831310495185,5244685000,4836555180185,0,0,8359979318024,0,0,1304541130348,100000000000,9764520448372,44431722654,0,0,0,44431722654,1369895355179,7466771520520,0,5719523431826,0,14556190307525,1729041859016.25,2029831137.18,3464173211444.04,947843172689,407610478463,540232694226,280488638717,0,280488638717,820721332943,24568989698628,23748268365685,11672728580283,9536535845626,36425464207966,57634728633875,78874777011,1142682654,21474097194,101491556859,57736220190734,10005325748569.3,26152647618.9,10031478396188.2,38270949114757,0,38270949114757,0,0,2.449189,0.425538,2.367374,0.411323
2022,3,562,BUK035,KBMI 1,,0,PT Bank Fama Internasional,4010364500,0,4010364500,35704747782,0,35704747782,0,0,0,0,0,0,778136197349,778136197349,0,0,0,0,0,269400000000,0,0,0,0,269400000000,19355470091.49,0.0,38710940182.98,686502570342,0,686502570342,0,0,0,686502570342,937551272350,251048702008,184698849341,29519025050,430964461992,645182336383,0,0,0,0,645182336383,107361808516.5,0.0,107361808516.5,642162357233,0,642162357233,0,0,8.732633,1.453157,2.338342,0.389112
2022,3,110,BUK046,KBMI 2,,0,PT Bank Pembangunan Daerah Jawa Barat dan Banten Tbk,2458631186125,12686302256,2471317488381,6245704898807,173253212388,6418958111195,0,0,11208807210170,0,0,7518956457954,503324766729,19231088434853,1126212574454,0,0,0,1126212574454,2500000000000,7997687092248,0,9825685943684,0,20323373035932,3517143320067.63,66721317461.7,7234450592520.36,1785471433598,1203171207020,582300226578,1425003295642,0,1425003295642,2007303522220,32737656712302,30730353190082,30880546309229,22511524243156,63846040116536,117238110668921,694415185980,49578912896,2592071774209,3336065873085,120574176542006,22402225177369.1,482405407083.7,22884630584452.8,97213812384475,1042481389368,98256293773843,0,0,1.430552,0.271514,1.342838,0.254866
2022,3,119,BUK088,KBMI 1,,0,PT Bank Pembangunan Daerah Riau Kepri,576765561100,14565628475,591331189575,1915222003513,5091765000,1920313768513,706752106282,0,3008737308463,0,0,0,1985396228489,5700885643234,0,0,0,0,0,2843000000000,0,0,0,0,2843000000000,777162241179.9,1718375272.06,1559479608175.98,218404268964,513480883793,-295076614829,96399046556,0,96399046556,-198677568273,6533096579932,6731774148205,8081581151058,6594688454176,11229138434096,25905408039330,13282499935,0,72636263668,85918763603,25991326802933,5525794724979.8,11248376347.3,5537043101327.1,18861348978943,0,18861348978943,0,0,1.179889,0.251356,1.21577,0.259
2022,3,441,BUK018,KBMI 2,,0,PT Bank KB Bukopin Tbk,380513267651,4602577020,385115844671,1943390575840,230457714588,2173848290428,0,0,3352508460071,0,0,1310000000000,149600000000,4812108460071,1432856958404,0,0,0,1432856958404,354972884015,0,1652435000000,0,0,2007407884015,1178872867770.21,96860866117.82,2648328333893.88,74719702014,2908588116782,-2833868414768,3291826663482,7184499999856,-3892673336374,-6726541751142,-1397306531229,5329235219913,2133741068255,8236028766412,28925992424340,39295762259007,273680692490,411101416546,4158261196855,4843043305891,44138805564898,6003530192834.1,621260752396.3,6624790945230.4,50946144111576,1785706310185,52731850421761,2039366567058,2137806716952,-0.21092,-0.031657,0.804438,0.120738
2022,3,123,BUK051,KBMI 1,,0,PT Bank Pembangunan Daerah Kalimantan Barat,313195389500,0,313195389500,1286915699822,0,1286915699822,0,0,864304093939,0,0,617887350000,0,1482191443939,0,0,0,0,0,744800000000,742000000000,0,0,0,1486800000000,505495424181.81,0.0,1010990848363.62,1062471016364,14914723525,1047556292839,0,0,0,1047556292839,3482285203554,2434728910715,5048117187114,7220035134552,4581695151061,16849847472727,0,0,0,0,16849847472727,4138615211605.9,0.0,4138615211605.9,12949873394686,0,12949873394686,0,0,0.841413,0.206665,0.588295,0.144495
2022,3,151,BUK067,KBMI 1,,0,"PT Bank Mestika Dharma, Tbk",179454902009,564025247,180018927256,756442868032,2730110000,759172978032,0,0,5913505944070,0,0,10399264000,0,5923905208070,0,0,0,0,0,23800000000,0,0,44425934159,0,68225934159,342933052243.53,1154432870.9,689329403099.76,3495665560,5538309218,-2042643658,44664249354,0,44664249354,42621605696,5955526998267,5912905392571,1213079387000,3898494413644,6319527940807,11431101741451,2037009159,17264479309,38420155077,57721643545,11488823384996,2165424934273.9,9632462048.1,2175057396322.0,8376659695885,25073773955,8401733469840,756245050000,730846552731,2.738101,0.518375,2.718505,0.514665
2022,3,116,BUS013,KBMI 1,,1,PT Bank Aceh Syariah,1279884506736,0,1279884506736,1292200059669,0,1292200059669,0,0,0,3623065543594,0,100071549633,639000000000,4362137093227,0,0,0,0,0,1326400000000,0,0,0,1537039000000,2863439000000,698041634215.68,0.0,1047062451323.52,64288370406,16086294845,48202075561,0,0,0,48202075561,8100758649653,8052556574092,9090872138844,8846968241287,5330214093725,23268054473856,0,0,0,0,23268054473856,5914373523411.8,0.0,5914373523411.8,16398550416953,0,16398550416953,0,0,1.369673,0.348149,1.361523,0.346077
2022,3,126,BUK093,KBMI 1,,0,PT Bank Pembangunan Daerah Sulawesi Selatan dan Sulawesi Barat,380300581600,165660550,380466242150,1548157919169,229712000,1548387631169,0,0,761616694024,0,0,0,415669277217,1177285971241,0,0,0,0,0,572972502100,0,0,0,0,572972502100,635680728230.25,33483289.78,1271461906329.84,1494925421618,760847571163,734077850455,88269473451,401996000000,-313726526549,420351323906,1776618275499,1356266951593,8346059178556,3829872179194,9013426249925,21189357607675,56344334,1181367355,436452800,1674164489,21191031772164,4554122032317.5,414958786.7,4554536991104.2,20936340636869,32600856253,20968941493122,0,0,0.390076,0.083838,0.297783,0.064001
2022,3,46,BUK109,KBMI 2,,0,PT Bank DBS Indonesia,173315894349,227849309543,401165203892,2899642331980,1252173021561,4151815353541,0,0,11467166357034,0,0,1787145222136,57500000000,13311811579170,5609809204589,16579737752,0,428264466257,6054653408598,1300000000000,4498754435907,1796125000000,2790264086372,0,10385143522279,1178903099789.01,579576554579.86,4096535863317.6,477751740234,1338083451762,-860331711528,1694920331192,214326771030,1480593560162,620261848634,26780345972282,26160084123648,12506818908936,5138028156306,21651922927725,39296769992967,17992016566117,4702450670343,6284360492533,28978827728993,68275597721960,7458646412345.1,7436776220191.3,14895422632536.4,31385051077809,16824734440389,48209785518198,0,0,1.79789,0.392238,1.756249,0.383154
2022,3,128,BUS014,KBMI 1,,1,PT Bank NTB Syariah,356297886750,0,356297886750,584288640383,0,584288640383,0,0,0,788767418997,0,0,2125644000000,2914411418997,0,0,0,0,0,990000000000,0,0,0,0,990000000000,290364108213.93,0.0,435546162320.895,235991257,54063749641,-53827758384,0,0,0,-53827758384,4065259917211,4119087675595,1982801465926,2275275084818,5420727056387,9678803607131,0,0,0,0,9678803607131,1819495670861.9,0.0,1819495670861.9,7719313566699,0,7719313566699,0,0,2.234278,0.420016,2.263862,0.425578
2022,3,167,BUK056,KBMI 1,,0,PT Bank QNB Indonesia Tbk,23363556700,6163918924,29527475624,458084551834,143690000000,601774551834,0,0,390278301413,0,0,0,182984268601,573262570014,0,0,0,135335858083,135335858083,477000000000,0,1867970000000,1663168803204,0,4008138803204,244671526066.62,70006671476.64,699363066563.16,1710452557,6300675483,-4590222926,448060913017,1446211974,446614701043,442024478117,4457702346085,4015677867968,478014540446,571069091579,7106633903529,8155717535554,1647593714070,0,1852739859762,3500333573832,11656051109386,1025388479960.4,679552100197.2,1704940580157.6,8956994002239,1140484794929,10097478797168,0,0,2.614579,0.382436,2.355318,0.344514
2022,3,97,BUK063,KBMI 2,,0,PT Bank Mayapada Internasional Tbk.,298266153500,3091090485,301357243985,7070050622332,183362729108,7253413351440,0,0,7048364096010,0,0,0,0,7048364096010,0,0,0,0,0,2826000000000,7597837971127,2126612000000,1801461620167,0,14351911591294,2932601633636.28,85517594448.88,6121756050619.2,134151769473,2841563293048,-2707411523575,929331106281,0,929331106281,-1778080417294,18037090586731,19815171004025,3971355287480,11440231899177,82341800601219,97753387787876,345791397064,185399192198,3744689133182,4275879722444,102029267510320,12857656216119.0,533826090096.8,13391482306215.8,63591076792299,1098310056798,64689386849097,0,0,1.346907,0.176783,1.479684,0.19421
2022,3,548,BUK071,KBMI 1,,0,PT Bank Multiarta Sentosa,148729210700,1091446370,149820657070,2009301968589,98930565000,2108232533589,0,0,7194130858847,0,0,226877250000,305000000000,7726008108847,186209178579,0,0,0,186209178579,267100000000,0,1293210000000,1423319946379,0,2983629946379,502767837364.02,52181230896.24,1162079367416.76,113612412956,2000000000,111612412956,925654419015,0,925654419015,1037266831971,11942261570758,10904994738787,3743662706128,1640225750529,11375039455477,16758927912134,1460136697582,0,1148924847230,2609061544812,19367989456946,2752670482544.8,552933493997.6,3305603976542.4,7810778751256,108838258339,7919617009595,0,0,3.612732,0.616597,3.298941,0.563042
2022,3,132,BUK081,KBMI 1,,0,PT Bank Pembangunan Daerah Papua,535102449159,0,535102449159,1679720748429,0,1679720748429,0,0,1250758349695,0,0,0,380106744649,1630865094344,0,0,0,0,0,57000000000,849729308458,0,1997122214678,0,2903851523136,577114518217.62,0.0,1154229036435.24,217967738582,180952394953,37015343629,0,0,0,37015343629,4675104859395,4638089515766,9761932401844,5925538155075,3549680050335,19237150607254,0,0,0,0,19237150607254,5061209172109.2,0.0,5061209172109.2,16955245723673,0,16955245723673,0,0,0.923713,0.243024,0.916399,0.2411
2022,3,520,BUK083,KBMI 1,,0,PT Prima Master Bank,35126585639,0,35126585639,111903852026,0,111903852026,0,0,50285566279,0,0,0,164681592847,214967159126,0,0,0,0,0,0,145000000000,0,233217271006,0,378217271006,65347388556.06,0.0,130694777112.12,1182438459,30574907767,-29392469308,0,0,0,-29392469308,350098639974,379491109282,94368760350,220460252119,1863417272733,2178246285202,0,0,0,0,2178246285202,280790431014.0,0.0,280790431014.0,1448456859434,0,1448456859434,0,0,1.246832,0.160725,1.35151,0.174218
2022,3,147,BUS001,KBMI 1,,1,PT Bank Muamalat Indonesia Tbk,627157205050,36162137494,663319342544,5228345860502,40451968025,5268797828527,0,0,0,5164886746233,0,163730383368,21081069000000,26409686129601,0,0,0,0,0,318000000000,0,862140000000,0,148119000,1180288119000,1271075124916.29,33676715764.64,2058157908315.315,60906790415,1256953510314,-1196046719899,797274003784,359924838409,437349165375,-758697554524,29400484116152,30159181670676,4899535493417,15719704868799,21749930468327,42369170830543,432823531222,313872954172,2620975091070,3367671576464,45736842407007,8360765155497.5,486106454725.2,8846871610222.7,17343669220477,1600396714123,18944065934600,0,0,3.323263,0.642818,3.409022,0.659406
2022,3,76,BUK019,KBMI 1,,0,PT Bank Bumi Arta Tbk.,50509541900,1086669400,51596211300,501669365022,7902950000,509572315022,0,0,122319542929,0,0,0,0,122319542929,0,0,0,0,0,688500000000,0,0,2166369181450,0,2854869181450,182257029962.16,1514566841.72,369057760449.48,9709919543,1080421670,8629497873,16947764026,0,16947764026,25577261899,3011105155347,2985527893448,1437499677432,439501105081,4198233549559,6075234332072,14818648829,8965152173,51944541084,75728342086,6150962674158,982923589709.8,12329594409.0,995253184118.8,4014524627714,71473457174,4085998084888,0,0,3.025466,0.489533,2.999767,0.485375
2022,3,459,BUK012,KBMI 1,,0,PT Bank Bisnis Internasional,18817315306,0,18817315306,19384772890,0,19384772890,1482201312569,0,9900078812,0,0,0,0,1492101391381,0,0,0,0,0,500000000000,152652901846,0,0,0,652652901846,37579993961.7,0.0,75159987923.4,94599914224,0,94599914224,0,0,0,94599914224,2164816313762,2070216399538,933016531960,18839840415,300810093015,1252666465390,0,0,0,0,1252666465390,315637921014.0,0.0,315637921014.0,895700402585,0,895700402585,0,0,6.858543,1.728166,6.558832,1.652647
2022,3,67,BUA007,KBMI 1,,0,Deutsche Bank AG.,0,0,0,1612710661745,287380000000,1900090661745,0,0,6358432648122,0,0,0,0,6358432648122,3124784689886,0,0,0,3124784689886,0,9141167514730,862140000000,0,0,10003307514730,393515902653.6,107696115057.92,1110120150480.96,187357071151,5547893673943,-5360536602792,1429714025775,176784491560,1252929534215,-4107607068577,15667676277713,19775283346290,6459331182825,0,6657865572295,13117196755120,5374030583486,0,10775169410,5384805752896,18502002508016,2603585912077.0,1613286691986.8,4216872604063.8,7159394605226,1405001205349,8564395810575,0,0,3.715472,0.846809,4.689561,1.068818
2022,3,2,BUK086,KBMI 4,,0,PT Bank Rakyat Indonesia (Persero) Tbk.,16712907772483,1378462154466,18091369926949,42472648797460,8702250385230,51174899182690,0,0,187363662654274,0,0,10587412402361,14743354376696,212694429433331,35880924107185,23260139666915,0,41158344419170,100299408193270,0,37500000000000,10058049740156,15264823757720,5646427430,62828519925306,29123091768212.52,2958699888033.44,67122283200525.36,1375859339407,4627050390192,-3251191050785,21549319401851,3123801907544,18425517494307,15174326443522,272846477694120,257672151250598,152381346812466,481795484610979,336592894183639,970769725607084,74894762730786,4115507587946,68924724082940,147934994401672,1118704720008756,223912338845397.4,30595553503913.6,254507892349311.0,886758592048984,88043066798079,974801658847063,15310221324892,13773371013927,1.072055,0.243894,1.012432,0.23033
2022,3,153,BUK092,KBMI 2,,0,PT Bank Sinarmas Tbk.,416258999250,244719202863,660978202113,1979570808514,246331369308,2225902177822,0,0,8994732926789,0,0,3877909668710,265721461538,13138364057037,114957861255,113255599739,0,84441970377,312655431371,4414200000000,0,3233054635919,2555063195640,0,10202317831559,1045552889932.32,114540669844.18,2434727789397.18,169370772920,131340802216,38029970704,1334262832845,43573247676,1290689585169,1328719555873,19932787206238,18604067650365,11363957589781,10791045346426,12696760061537,34851762997744,4533281702291,0,1193751789918,5727033492209,40578796489953,7916176887015.8,1479359689679.1,9395536576694.9,17202138809390,903850555011,18105989364401,0,0,2.121516,0.491211,1.980096,0.458467
2022,3,117,BUK098,KBMI 1,,0,PT Bank Pembangunan Daerah Sumatera Utara,868079618440,497167400,868576785840,2044826579497,517284000,2045343863497,196846000000,0,1117139488387,0,0,52512844324,1059492184640,2425990517351,0,0,0,0,0,265000000000,2049402096154,0,6674099909136,0,8988502005290,1020747852737.61,238337680.5,2042210718516.72,85839147453,147440646754,-61601499301,17675889132,0,17675889132,-43925610169,10109285623909,10153211234078,11023751731454,10498099193220,12503077499913,34024928424587,0,1005065425,10911818600,11916884025,34036845308612,7706863027393.5,1392701487.5,7708255728881.0,25638325857305,0,25638325857305,0,0,1.311488,0.29701,1.317186,0.2983
2022,3,526,BUK059,KBMI 1,,0,PT. Bank Oke Indonesia,19335163300,0,19335163300,199110897545,0,199110897545,0,0,720778281322,0,0,0,0,720778281322,0,0,0,0,0,88000000000,0,0,135363265194,0,223363265194,106080168287.97,0.0,212160336575.94,244533489561,374159301386,-129625811825,0,0,0,-129625811825,714721290672,844347102497,218325108298,345445170990,2972235330311,3536005609599,0,0,0,0,3536005609599,466354616817.5,0.0,466354616817.5,5429210186320,0,5429210186320,0,0,1.53257,0.202126,1.810525,0.238785
2022,3,506,BUS005,KBMI 1,,1,PT Bank Mega Syariah,57426409794,665859460,58092269254,1024439592807,15805900000,1040245492807,0,0,0,0,0,1945076999999,0,1945076999999,0,0,0,0,0,0,0,0,0,0,0,222308609964.63,15268922735.16,402173067255.165,7653763983,135334620242,-127680856259,20793159767,0,20793159767,-106887696492,2296776465613,2403664162105,1431864144071,1289657243273,4688765611477,7410286998821,117829193814,12344765975,1396718313727,1526892273516,8937179272337,1285332977350.9,178724019309.4,1464056996660.3,5769005506765,1873717600000,7642723106765,0,0,1.568775,0.256991,1.641783,0.268951
2022,3,124,BUK054,KBMI 1,,0,PT Bank Pembangunan Daerah Kalimantan Timur dan Kalimantan Utara,817564184099,3227731332,820791915431,2114591613428,18029933820,2132621547248,0,0,3436138061960,0,0,645992850000,518808000000,4600938911960,0,0,0,0,0,455000000000,1149672751502,0,2033670160616,0,3638342912118,709526814584.25,120772764.06,1419415947460.68,1120926752130,576384339797,544542412333,478480658505,402332000000,76148658505,620691070838,8576959287338,7956268216500,8379683854131,8460717325187,6810492640157,23650893819475,2984105496,239689289,2814843418,6038638203,23656932457678,5733169617811.1,1248622777.3,5734418240588.4,16122007404676,90509409488,16212516814164,572224090000,514786775448,1.495698,0.362555,1.387458,0.336318
2022,3,213,BUK017,KBMI 3,,0,PT Bank BTPN Tbk,1065007689889,33210855252,1098218545141,4325166453632,1813446829500,6138613283132,0,0,13524416985771,0,0,0,0,13524416985771,0,0,0,0,0,3830000000000,7098016432222,1221365000000,0,0,12149381432222,2492541073468.53,252092257648.16,5741358919881.54,598257036778,35560999681,562696037097,737759620767,5582356500000,-4844596879233,-4281900842136,20142737153131,24424637995267,16752464298087,8987567475902,57344670674962,83084702448951,8029452455904,390696524548,4184463901956,12604612882408,95689315331359,13456476599692.9,2944491084331.2,16400967684024.1,85307297846271,46411567825456,131718865671727,0,0,1.228143,0.210501,1.489219,0.255249
2022,3,485,BUK020,KBMI 1,,0,"PT Bank MNC Internasional, Tbk.",75658637175,715244202,76373881377,334787299408,20116600000,354903899408,0,0,1602975836240,0,0,38191132350,0,1641166968590,0,0,0,0,0,374999999999,99967793342,0,0,0,474967793341,303616778524.77,6239233617.04,625951257900.66,501131807453,123292084520,377839722933,144228613801,0,144228613801,522068336734,2095482477057,1573414140323,910394455077,2199390643971,7010774185111,10120559284159,168546670961,0,143415009891,311961680852,10432520965011,1634012948225.5,64905502277.4,1698918450502.9,8581812799099,286189013796,8868001812895,0,0,1.233421,0.20086,0.926126,0.150818
2022,3,8,BUK061,KBMI 4,,0,PT Bank Mandiri (Persero) Tbk.,15066587574092,2079237050102,17145824624194,36154638829567,8737016235763,44891655065330,0,0,197843201780165,0,0,20328372868576,5606779844710,223778354493451,48100193393507,7261033970122,0,484529055238,55845756418867,7999388935200,1999194768800,29456450000000,2891882466445,0,42346916170445,24575459137155.12,3578671408067.64,59886932498513.16,555844626518,4979995065336,-4424150438818,26902608680441,7100975138431,19801633542010,15377483103192,280252526927366,264875043824174,245577666444688,352857542027083,220746762766733,819181971238504,110257831664201,39914378665670,28761360073511,178933570403382,998115541641886,201605238818204.6,47927799106312.4,249533037924517.0,655436790354340,186917230187181,842354020541521,28285017317673,25696701483404,1.123107,0.280781,1.061482,0.265375
2022,3,19,BUK080,KBMI 3,,0,"PT Pan Indonesia Bank, Tbk.",1290449559930,142598282684,1433047842614,3456014624917,642796579890,4098811204807,0,0,24871213309990,0,0,1321132600000,65891953981,26258237863971,1904379351005,0,0,250194237151,2154573588156,3195000000000,0,100583000000,9121404982226,0,12416987982226,3450299075139.6,298280405416.56,7795439366528.88,3028016215278,42992803504,2985023411774,5348635135243,6850416152,5341784719091,8326808130865,41854346665228,33527538534363,10493338056978,40960351830685,63556279283657,115009969171320,4107149602896,7935698390145,2871172277787,14914020270828,129923989442148,21791734894664.6,3899971625691.0,25691706520355.6,102896815137215,6820739184276,109717554321491,4509766730772,4162649039965,1.629099,0.322144,1.304994,0.258055
2022,3,134,BUK094,KBMI 1,,0,PT Bank Pembangunan Daerah Sulawesi Tengah,119633929000,0,119633929000,597862917298,0,597862917298,0,0,0,0,0,0,71075573185,71075573185,0,0,0,0,0,358000000000,549760105692,0,0,0,907760105692,244949736657.42,0.0,489899473314.84,1228110792933,582000000000,646110792933,0,0,0,646110792933,1536518534951,890407742018,3669053403550,1159187293688,3336750524676,8164991221914,0,0,0,0,8164991221914,1782147261639.0,0.0,1782147261639.0,5650120015851,0,5650120015851,717308643600,717308643600,0.862172,0.188183,0.499626,0.109051
2022,3,513,BUK042,KBMI 1,,0,PT Bank Ina Perdana Tbk,72322959300,2076029353,74398988653,1728183285382,20835050000,1749018335382,0,0,1826786257500,0,0,1029213365000,1108931866381,3964931488881,80566120860,0,0,0,80566120860,920000000000,2999158990240,0,1677296564937,0,5596455555177,424906621816.17,5077624983.18,865046118581.88,30442788779,424708805425,-394266016646,160194785124,0,160194785124,-234071231522,7809005160669,8043076392191,5937610401219,422917090543,7803026568777,14163554060539,148398106234,3020446528,102462696397,253881249159,14417435309698,2688460904406.3,55671835468.3,2744132739874.6,5374125282101,40838210481,5414963492582,271430000000,260548500000,2.845709,0.541636,2.931008,0.557871
2022,3,131,BUK060,KBMI 1,,0,PT Bank Pembangunan Daerah Maluku dan Maluku Utara,181032137488,0,181032137488,866882499931,0,866882499931,0,0,739931542222,0,0,0,0,739931542222,0,0,0,0,0,325000000000,409869491975,0,1262495211739,0,1997364703714,227868978022.23,0.0,455737956044.46,621029877669,228632073553,392397804116,0,0,0,392397804116,3494001753405,3101603949289,2273201973384,1317683061034,4004747566323,7595632600741,0,0,0,0,7595632600741,1477740266957.7,0.0,1477740266957.7,5162472066818,0,5162472066818,96964260030,96964260030,2.364422,0.460001,2.098883,0.40834
2022,3,484,BUK037,KBMI 2,,0,PT Bank KEB Hana Indonesia,124849313950,43046236554,167895550504,624093534176,602549073252,1226642607428,0,0,3848076564967,0,0,75809397500,1666135447912,5590021410379,0,0,0,143775955070,143775955070,1000000000000,749758450082,0,0,0,1749758450082,466789336347.12,217799423456.0,1586976943062.24,632126784531,42948350416,589178434115,1524551319899,3291215324812,-1766664004913,-1177485570798,3543321899318,4720807470116,4647967370618,1471063018234,9440614156052,15559644544904,5632241961984,25848843131,5231880367685,10889971172800,26449615717704,2779770532260.8,2220615278303.0,5000385810563.8,18327189450507,11276562110271,29603751560778,0,0,0.708609,0.133964,0.944088,0.178483
2022,3,127,BUK096,KBMI 1,,0,PT Bank Pembangunan Daerah Sulawesi Utara dan Gorontalo ,198315026000,0,198315026000,1106985282460,0,1106985282460,0,0,264251163240,0,0,0,0,264251163240,0,0,0,0,0,0,900000000000,0,4100603199312,0,5000603199312,518513984368.38,0.0,1037027968736.76,31277190450,129514467213,-98237276763,0,0,0,-98237276763,4916375441144,5014612717907,3839536137418,2278974873779,11165288467749,17283799478946,0,0,0,0,17283799478946,2952082150134.0,0.0,2952082150134.0,13221178851500,0,13221178851500,0,0,1.665392,0.284449,1.698669,0.290133
2022,3,37,BUK009,KBMI 1,,0,PT Bank Artha Graha Internasional Tbk.,297585145800,28053155133,325638300933,2182210525428,68252750000,2250463275428,0,0,280383069434,0,0,0,2505139176321,2785522245755,0,0,0,0,0,624000000000,1399606351459,660974000000,0,0,2684580351459,635950626957.18,24903190810.9,1346610826347.06,251150581294,20445451346,230705129948,308558070547,0,308558070547,539263200495,4072863553634,3533600353139,6126902353631,1679078576867,13392373301408,21198354231906,415185474434,0,829974066111,1245159540545,22443513772451,3681031609290.2,207553048941.3,3888584658231.5,11222802367028,314798235116,11537600602144,0,0,1.047389,0.181471,0.908711,0.157444
2022,3,57,BUK013,KBMI 2,,0,PT Bank BNP Paribas Indonesia,0,0,0,1920597229920,250892479021,2171489708941,0,0,2645201587598,0,0,0,0,2645201587598,0,0,0,0,0,0,499801467750,0,8050061270771,0,8549862738521,210337800881.82,35365303570.64,526771512475.56,12402726411,26117976,12376608435,56890150025,1997517536500,-1940627386475,-1928250778040,10665828640091,12594079418131,1953895100514,0,5057364928880,7011260029394,825153898389,0,943111280143,1768265178532,8779525207926,1091905023042.2,341857297531.0,1433762320573.2,3388434983512,3991555797756,7379990781268,0,0,7.439049,1.214852,8.783938,1.434482
2022,3,212,BUK107,KBMI 2,,0,PT Bank Woori Saudara Indonesia 1906 Tbk. ,372171812600,61604513082,433776325682,792464423749,663847800000,1456312223749,0,0,2032498356652,0,0,0,147514196756,2180012553408,43107000000,0,0,0,43107000000,1499885425420,599710140099,71845000000,669506834251,0,2840947399770,582762115750.56,152611285978.22,1623358089435.78,17861165089,51242824709,-33381659620,355417973587,1462827118977,-1107409145390,-1140790805010,3307119009678,4447909814688,2238755370893,2841288729548,14345359757911,19425403858352,2280263831680,1310786174165,4039514293066,7630564298911,27055968157263,2958549205923.4,1481266431060.1,4439815636983.5,20815008428252,14730558081598,35545566509850,0,0,0.744877,0.122232,1.001823,0.164396
2022,3,945,BUK002,KBMI 1,,0,PT Bank IBK Indonesia Tbk,51413286100,8115970425,59529256525,323625579605,207632050000,531257629605,0,0,1321183018942,0,0,0,77288000000,1398471018942,0,3980176905503,0,0,3980176905503,291300000000,1725000000000,0,0,0,2016300000000,192502289036.25,7467604648.88,407407392019.14,101498478383,21818177530,79680300853,98114172504,4755107012098,-4656992839594,-4577312538741,-1256419919373,3320892619368,378637296871,1271350530757,4766755140247,6416742967875,64008738023,65197550427,244173943994,373380232444,6790123200319,971671862313.1,63179280934.4,1034851143247.5,4294722538014,2117946707853,6412669245867,0,0,-1.214106,-0.185036,3.209053,0.489076
2022,3,135,BUK095,KBMI 1,,0,PT Bank Pembangunan Daerah Sulawesi Tenggara,130635591000,0,130635591000,425698149043,0,425698149043,0,0,584856537240,0,0,0,0,584856537240,0,0,0,0,0,5399587532,381830770153,0,720147028998,0,1107377386683,242856790860.9,0.0,485713581721.8,26005913186,235114531172,-209108617986,0,0,0,-209108617986,1310888673397,1519997291383,4182456820233,1858755208704,2054014333093,8095226362030,0,0,0,0,8095226362030,2017765041990.4,0.0,2017765041990.4,7668974226338,0,7668974226338,0,0,0.649673,0.161933,0.753307,0.187764
2022,3,425,BUS009,KBMI 1,,1,PT Bank Jabar Banten Syariah,109643238122,0,109643238122,279711717371,0,279711717371,0,0,0,1035453095145,0,1243271555556,0,2278724650701,0,0,0,0,0,767000000000,0,0,0,0,767000000000,223162354051.53,0.0,334743531077.295,12474189658,49091129927,-36616940269,0,0,0,-36616940269,2840556780796,2877173721065,894367848024,1941999645552,4602377641475,7438745135051,0,0,0,0,7438745135051,1311148012220.3,0.0,1311148012220.3,6524919814133,0,6524919814133,0,0,2.166465,0.381859,2.194392,0.386782
2022,3,555,BUK043,KBMI 1,,0,PT Bank Index Selindo,61779435200,9612714408,71392149608,515549862003,35922500000,551472362003,0,0,981003873080,0,0,2363970988,218826266630,1202194110698,0,0,0,0,0,484000000000,250000000000,0,114083558278,0,848083558278,230480323398.06,4780087126.84,475300908176.64,5767622595,23814645865,-18047023270,44195800624,0,44195800624,26148777354,1767539401621,1741390624267,983833834941,1787242688127,4911600923534,7682677446602,116837738352,0,122166617990,239004356342,7921681802944,1322483049273.8,47267983304.6,1369751032578.4,7068418446076,175046510653,7243464956729,0,0,1.290409,0.223126,1.271319,0.219825
2022,3,120,BUK097,KBMI 1,,0,PT Bank Pembangunan Daerah Sumatera Selatan dan Bangka Belitung,627332085100,8557200990,635889286090,2100254630719,3012381533,2103267012252,0,0,1768518943414,0,0,0,6635093338662,8403612282076,14373716624,0,0,0,14373716624,229400000000,0,0,1397345595315,0,1626745595315,852805234642.53,852545989.24,1708168107252.78,640173603698,124105995705,516067607993,124353220279,0,124353220279,640420828272,4227389494082,3586968665810,9042407598708,8235427191233,11149006364810,28426841154751,11769725685,0,30857573777,42627299462,28469468454213,6298251073463.3,6616675083.2,6304867748546.5,19087579992935,57725819865,19145305812800,0,0,0.670496,0.148488,0.56892,0.125993
2022,3,50,BUA010,KBMI 1,,0,Standard Chartered Bank,188466491150,56125658030,244592149180,974028584635,718450000000,1692478584635,0,0,11224929644867,0,0,0,0,11224929644867,2096897582769,704784453475,0,0,2801682036244,424967537202,4497826050742,0,14013458976907,424262794331,19360515359182,770368158302.37,283520940011.9,2391299136640.44,207201771287,10856487571532,-10649285800245,4690836524319,561054394731,4129782129588,-6519503670657,24654721415022,31174225085679,14329871108272,5874971995944,5474095505863,25678938610079,9401306070764,2749847235771,2024893694060,14176047000595,39854985610674,6608862481851.1,3847835361366.5,10456697843217.6,13395941758722,11454810370038,24850752128760,0,0,2.357792,0.61861,2.981268,0.782191
2022,3,112,BUK015,KBMI 1,,0,PT Bank Pembangunan Daerah Daerah Istimewa Yogyakarta,315884351500,113955569,315998307069,785957055481,0,785957055481,0,0,781285596951,0,0,0,653260739000,1434546335951,0,0,0,0,0,1480000000000,2099405059861,0,0,0,3579405059861,378361580594.34,0.0,756723161188.68,542614395632,173212554410,369401841222,0,0,0,369401841222,4696963118801,4327561277579,2056327978037,7134195512880,3421529195561,12612052686478,0,0,0,0,12612052686478,3099309966831.2,0.0,3099309966831.2,9189350539272,0,9189350539272,0,0,1.515486,0.372418,1.396298,0.343129
2022,3,567,BUK038,KBMI 2,,0,PT Allo Bank Indonesia Tbk,10414507000,0,10414507000,58240665823,0,58240665823,0,0,0,0,0,20800300000,0,20800300000,0,0,0,0,0,0,1164667788054,0,2895395492333,0,4060063280387,83614080563.22,0.0,167228161126.44,51119109168,4312437187,46806671981,0,0,0,46806671981,3591246785847,3544440113866,170350130776,155358331527,2461427556471,2787136018774,0,0,0,0,2787136018774,343855294338.0,0.0,343855294338.0,4814254248572,0,4814254248572,0,333436097655,10.444064,1.288507,10.307941,1.271714
2022,3,566,BUK105,KBMI 1,,0,PT Bank Victoria International Tbk.,36817731000,47551181538,84368912538,950702281631,28963593300,979665874931,0,0,3520011409584,0,0,1829533340703,630219045880,5979763796167,0,0,0,0,0,57000000000,0,0,226919952165,0,283919952165,545208543018.96,11580387134.8,1125158247442.32,72050118506,1127594236308,-1055544117802,229691734244,0,229691734244,-825852383558,2360166588064,3186018971622,1076809215299,3193103514268,13903705371065,18173618100632,68229579610,0,510789777130,579019356740,18752637457372,2671344355976.6,71547851596.0,2742892207572.6,14564159091822,282399019930,14846558111752,0,0,0.860466,0.125857,1.161554,0.169897
